type,level_1,model9
aggressive,f1_score,0.05755395683453237
aggressive,roc_auc_score,0.5581069013904835
alternative,f1_score,0.04347826086956522
alternative,roc_auc_score,0.5522706977930858
balanced,f1_score,0.32291666666666663
balanced,roc_auc_score,0.5003456510809452
conservative,f1_score,0.4041450777202072
conservative,roc_auc_score,0.5668437500000001
growth,f1_score,0.05673758865248227
growth,roc_auc_score,0.5071519795657726
