type,level_1,model2
aggressive,f1_score,0.5091863517060368
aggressive,roc_auc_score,0.5095735040486422
alternative,f1_score,0.417910447761194
alternative,roc_auc_score,0.4785875062118156
balanced,f1_score,0.625
balanced,roc_auc_score,0.5518978233495233
conservative,f1_score,0.5590551181102361
conservative,roc_auc_score,0.4732432432432433
growth,f1_score,0.5268817204301075
growth,roc_auc_score,0.5354438890350492
