type,level_1,model9
aggressive,f1_score,0.49132947976878616
aggressive,roc_auc_score,0.5282966470811775
alternative,f1_score,0.5189504373177843
alternative,roc_auc_score,0.5194539448683095
balanced,f1_score,0.62453531598513
balanced,roc_auc_score,0.523610361575823
conservative,f1_score,0.5589519650655022
conservative,roc_auc_score,0.4836486486486487
growth,f1_score,0.5231607629427794
growth,roc_auc_score,0.5457481949194656
