type,level_1,reduced
conservative,roc_auc_score,0.48253124999999997
conservative,f1_score,0.6613756613756613
balanced,roc_auc_score,0.5321769733534438
balanced,f1_score,0.699228791773779
growth,roc_auc_score,0.5284163473818646
growth,f1_score,0.699481865284974
aggressive,roc_auc_score,0.5331674958540631
aggressive,f1_score,0.3827751196172249
alternative,roc_auc_score,0.5324020921035847
alternative,f1_score,0.6916890080428955
