type,level_1,model1
aggressive,f1_score,0.6569872958257713
aggressive,roc_auc_score,0.5039901780233271
alternative,f1_score,0.6569872958257713
alternative,roc_auc_score,0.47592738752959746
balanced,f1_score,0.6405228758169935
balanced,roc_auc_score,0.504317323259579
conservative,f1_score,0.6195286195286196
conservative,roc_auc_score,0.48909909909909904
growth,f1_score,0.6569872958257713
growth,roc_auc_score,0.5111520360139146
