type,level_1,model3
aggressive,f1_score,0.6569872958257713
aggressive,roc_auc_score,0.532871466573124
alternative,f1_score,0.6569872958257713
alternative,roc_auc_score,0.4976175860153761
balanced,f1_score,0.6517571884984026
balanced,roc_auc_score,0.5332343946753013
conservative,f1_score,0.6430868167202572
conservative,roc_auc_score,0.48292792792792794
growth,f1_score,0.6593806921675774
growth,roc_auc_score,0.5362477710544009
